{
  "train": {
    "mse": 0.006790766836965977,
    "mae": 0.04342653208195357,
    "rmse": 0.0824061092211371,
    "direction_accuracy": 0.2442528735632184
  },
  "test": {
    "mse": 0.0008555301991426553,
    "mae": 0.01947868334136458,
    "rmse": 0.02924944784338083,
    "direction_accuracy": 0.0
  },
  "overfitting_ratio": 0.4485433767680285
}