{"min": 8023.790537938826, "max": 187724.8733626}